Title,Language,Genres,Rating,Premiered,Status
Under the Dome,English,"Drama, Science-Fiction, Thriller",6.6,2013-06-24,Ended
Person of Interest,English,"Action, Crime, Science-Fiction",8.8,2011-09-22,Ended
Bitten,English,"Drama, Horror, Romance",7.4,2014-01-11,Ended
Arrow,English,"Drama, Action, Science-Fiction",7.4,2012-10-10,Ended
True Detective,English,"Drama, Crime, Thriller",8.1,2014-01-12,Running
The 100,English,"Action, Adventure, Science-Fiction",7.7,2014-03-19,Ended
Homeland,English,"Drama, Thriller, Espionage",8.2,2011-10-02,Ended
Glee,English,"Drama, Music, Romance",6.6,2009-05-19,Ended
Revenge,English,"Drama, Thriller, Mystery",7.7,2011-09-21,Ended
Grimm,English,"Drama, Crime, Supernatural",8.4,2011-10-28,Ended
Gotham,English,"Drama, Action, Crime",7.7,2014-09-22,Ended
Lost Girl,English,"Drama, Fantasy, Horror",7.9,2010-09-12,Ended
The Flash,English,"Drama, Action, Science-Fiction",7.5,2014-10-07,Ended
Continuum,English,"Drama, Crime, Science-Fiction",8.0,2012-05-27,Ended
Constantine,English,"Drama, Action, Horror",7.5,2014-10-24,Ended
Penny Dreadful,English,"Horror, Thriller, Supernatural",8.2,2014-05-11,Ended
The Amazing Race,English,"Action, Adventure, Family",6.8,2001-09-05,Running
Supernatural,English,"Drama, Action, Supernatural",8.3,2005-09-13,Ended
The Strain,English,"Drama, Horror, Thriller",7.5,2014-07-13,Ended
The Last Ship,English,"Drama, Action, Thriller",7.5,2014-06-22,Ended
True Blood,English,"Drama, Romance, Supernatural",7.9,2008-09-07,Ended
Once Upon a Time in Wonderland,English,"Drama, Adventure, Fantasy",6.8,2013-10-10,Ended
Hawaii Five-0,English,"Drama, Action, Crime",7.7,2010-09-20,Ended
Hellsing,Japanese,"Anime, Horror, Supernatural",7.3,2001-10-10,Ended
Hellsing Ultimate,Japanese,"Drama, Action, Anime, Horror",7.6,2006-02-10,Ended
Berserk,Japanese,"Anime, Fantasy, Horror",8.1,1997-10-07,Ended
Californication,English,"Drama, Comedy",7.8,2007-08-13,Ended
Vikings,English,"Drama, Action, History",8.6,2013-03-03,Ended
American Horror Story,English,"Drama, Horror, Thriller",7.5,2011-10-05,Running
Marvel's Agents of S.H.I.E.L.D.,English,"Action, Adventure, Science-Fiction",8.0,2013-09-24,Ended
Fargo,English,"Drama, Comedy, Crime",8.7,2014-04-15,To Be Determined
Hemlock Grove,English,"Drama, Horror, Thriller",6.9,2013-04-19,Ended
Helix,English,"Horror, Science-Fiction, Thriller",6.4,2014-01-10,Ended
The Killing,English,"Drama, Crime, Thriller",8.2,2011-04-03,Ended
Intruders,English,"Drama, Fantasy, Thriller",7.2,2014-08-23,Ended
Z Nation,English,"Action, Horror, Science-Fiction",7.2,2014-09-12,Ended
Resurrection,English,"Drama, Science-Fiction, Mystery",7.1,2014-03-09,Ended
Death Note,Japanese,"Anime, Fantasy, Thriller",8.8,2006-10-03,Ended
Last Man Standing,English,"Comedy, Family",7.8,2011-10-11,Ended
Sleepy Hollow,English,"Drama, Mystery, Supernatural",7.5,2013-09-16,Ended
Outlander,English,"Adventure, Romance, Science-Fiction",7.9,2014-08-09,Running
Scorpion,English,"Drama, Action, Thriller",7.3,2014-09-22,Ended
NCIS: New Orleans,English,"Drama, Crime",7.5,2014-09-23,Ended
Forever,English,"Drama, Crime, Supernatural",8.1,2014-09-22,Ended
Witches of East End,English,"Drama, Fantasy, Romance",7.5,2013-10-06,Ended
Madam Secretary,English,Drama,7.7,2014-09-21,Ended
Brooklyn Nine-Nine,English,"Comedy, Action, Crime",8.1,2013-09-17,Ended
The Lottery,English,"Drama, Science-Fiction, Thriller",6.5,2014-07-20,Ended
The Knick,English,"Drama, Medical",8.3,2014-08-08,Ended
How to Get Away with Murder,English,"Drama, Thriller, Legal",7.5,2014-09-25,Ended
Nashville,English,"Drama, Music, Romance",7.4,2012-10-10,Ended
Legends,English,"Drama, Crime, Thriller",7.5,2014-08-13,Ended
Red Band Society,English,"Drama, Comedy",7.7,2014-09-17,Ended
Chicago P.D.,English,"Drama, Crime",8.0,2014-01-08,Running
black-ish,English,"Comedy, Family",6.1,2014-09-24,Ended
New Girl,English,"Comedy, Romance",7.2,2011-09-20,Ended
Chicago Fire,English,"Drama, Action",8.0,2012-10-10,Running
NCIS,English,"Drama, Action, Crime",7.9,2003-09-23,Running
Orphan Black,English,"Drama, Science-Fiction, Thriller",8.5,2013-03-30,Ended
The Originals,English,"Drama, Romance, Supernatural",8.2,2013-10-03,Ended
The Vampire Diaries,English,"Drama, Romance, Supernatural",7.9,2009-09-10,Ended
Utopia,English,"Drama, Science-Fiction, Thriller",8.4,2013-01-15,Ended
Bones,English,"Drama, Crime, Medical",8.1,2005-09-13,Ended
The Big Bang Theory,English,Comedy,8.0,2007-09-24,Ended
Grey's Anatomy,English,"Drama, Romance, Medical",7.6,2005-03-27,Running
Castle,English,"Drama, Crime",8.2,2009-03-09,Ended
The Blacklist,English,"Drama, Crime, Thriller",8.1,2013-09-23,Ended
The Voice,English,Music,5.8,2011-04-26,Running
Dancing with the Stars,English,Family,6.4,2005-06-01,To Be Determined
NCIS: Los Angeles,English,"Drama, Action, Crime",7.9,2009-09-22,Ended
The Walking Dead,English,"Drama, Action, Horror",7.9,2010-10-31,Ended
Hell on Wheels,English,"Drama, Action, Western",8.2,2011-11-06,Ended
The Mindy Project,English,"Comedy, Romance, Medical",7.0,2012-09-25,Ended
Sons of Anarchy,English,"Drama, Action, Crime",8.3,2008-09-03,Ended
The Middle,English,"Comedy, Family",8.0,2009-09-30,Ended
The Mysteries of Laura,English,"Comedy, Crime, Mystery",7.3,2014-09-17,Ended
The Goldbergs,English,"Comedy, Family",7.5,2013-09-24,Ended
Modern Family,English,"Comedy, Family",7.7,2009-09-23,Ended
Criminal Minds,English,"Drama, Crime, Thriller",8.1,2005-09-22,Running
Game of Thrones,English,"Drama, Adventure, Fantasy",8.9,2011-04-17,Ended
The Simpsons,English,"Comedy, Family",8.1,1989-12-17,Running
Family Guy,English,"Comedy, Family",7.5,1999-01-31,Running
Stalker,English,"Crime, Thriller",7.5,2014-10-01,Ended
The Bridge,English,"Drama, Crime, Thriller",7.5,2013-07-10,Ended
Reign,English,"Drama, Romance, History",7.6,2013-10-17,Ended
Unforgettable,English,"Drama, Crime",7.5,2011-09-20,Ended
Haven,English,"Drama, Crime, Supernatural",8.0,2010-07-09,Ended
Bad Judge,English,"Comedy, Family",7.4,2014-10-02,Ended
A to Z,English,"Comedy, Romance",6.7,2014-10-02,Ended
Parenthood,English,"Drama, Comedy, Family",8.0,2010-03-02,Ended
Defiance,English,"Action, Adventure, Science-Fiction",7.8,2013-04-15,Ended
Falling Skies,English,"Drama, Action, Science-Fiction",7.6,2011-06-19,Ended
Manhattan Love Story,English,"Comedy, Romance",5.4,2014-09-30,Ended
The Biggest Loser,English,,6.0,2004-10-19,Ended
Scandal,English,"Drama, Thriller",7.8,2012-04-05,Ended
America's Next Top Model,English,,5.5,2003-05-20,Ended
Blue Bloods,English,"Drama, Crime",8.1,2010-09-24,Ended
The Good Wife,English,"Drama, Crime, Legal",8.1,2009-09-22,Ended
Boardwalk Empire,English,"Drama, Crime",8.3,2010-09-19,Ended
Law & Order: Special Victims Unit,English,"Drama, Crime, Legal",7.9,1999-09-20,Running
Dominion,English,"Action, Adventure, Fantasy",7.2,2014-06-19,Ended
From Dusk Till Dawn: The Series,English,"Action, Crime, Horror",6.5,2014-03-11,Ended
Justified,English,"Drama, Crime, Western",8.7,2010-03-16,Ended
Bob's Burgers,English,"Comedy, Family",7.9,2011-01-09,Running
Mulaney,English,"Comedy, Family",6.0,2014-10-05,Ended
CSI: Crime Scene Investigation,English,"Drama, Action, Crime",8.1,2000-10-06,Ended
Gracepoint,English,"Drama, Crime, Mystery",7.5,2014-10-02,Ended
Once Upon a Time,English,"Drama, Fantasy, Romance",7.5,2011-10-23,Ended
South Park,English,Comedy,8.2,1997-08-13,Running
Survivor,English,Adventure,7.3,2000-05-31,Running
King of the Hill,English,Comedy,7.6,1997-01-12,Running
The Mentalist,English,"Drama, Crime, Mystery",8.2,2008-09-23,Ended
Star Wars: Rebels,English,"Action, Adventure, Science-Fiction",7.9,2014-09-29,Ended
House,English,"Drama, Mystery, Medical",8.8,2004-11-16,Ended
Transparent,English,"Drama, Comedy",7.3,2014-09-26,Ended
Nikita,English,"Drama, Action, Crime",7.8,2010-09-09,Ended
Lost,English,"Drama, Adventure, Supernatural",8.2,2004-09-22,Ended
2 Broke Girls,English,Comedy,7.2,2011-09-19,Ended
Selfie,English,"Comedy, Romance",7.1,2014-09-30,Ended
Mom,English,"Comedy, Family",7.6,2013-09-23,Ended
The Affair,English,"Drama, Romance",7.7,2014-10-12,Ended
Jane the Virgin,English,"Drama, Crime, Romance",7.3,2014-10-13,Ended
Marry Me,English,Comedy,5.4,2014-10-14,Ended
Two and a Half Men,English,Comedy,6.6,2003-09-22,Ended
About a Boy,English,"Drama, Comedy, Romance",6.5,2014-02-22,Ended
The Millers,English,Comedy,6.2,2013-10-03,Ended
Elementary,English,"Drama, Crime, Mystery",8.3,2012-09-27,Ended
Heroes,English,"Drama, Action, Science-Fiction",7.7,2006-09-25,Ended
The McCarthys,English,"Comedy, Family",6.8,2014-10-30,Ended
Cristela,English,"Comedy, Legal",7.0,2014-10-10,Ended
The Leftovers,English,"Drama, Science-Fiction, Thriller",8.0,2014-06-29,Ended
Girls,English,"Drama, Romance",6.4,2012-04-15,Ended
Looking,English,"Drama, Comedy, Romance",7.2,2014-01-19,Ended
Getting On,English,"Comedy, Medical",6.9,2013-11-24,Ended
Veep,English,Comedy,7.8,2012-04-22,Ended
Silicon Valley,English,Comedy,8.4,2014-04-06,Ended
The Comeback,English,Comedy,7.9,2005-06-05,Running
House of Lies,English,"Drama, Comedy",7.9,2012-01-08,Ended
Episodes,English,Comedy,7.8,2011-01-09,Ended
Nurse Jackie,English,"Drama, Comedy",7.8,2009-06-08,Ended
Web Therapy,English,Comedy,7.1,2011-07-19,Ended
Masters of Sex,English,"Drama, Romance, History",7.3,2013-09-29,Ended
Shameless,English,"Drama, Comedy, Family",8.5,2011-01-09,Ended
The Newsroom,English,Drama,8.4,2012-06-24,Ended
Ray Donovan,English,"Drama, Action, Crime",8.1,2013-06-30,Ended
Utopia,English,,,2014-09-07,Ended
Sanctuary,English,"Drama, Adventure, Science-Fiction",8.0,2008-10-03,Ended
Beauty & the Beast,English,"Action, Romance, Science-Fiction",7.3,2012-10-11,Ended
Twin Peaks,English,"Crime, Mystery, Supernatural",8.0,1990-04-08,Ended
The Americans,English,"Drama, Espionage",8.5,2013-01-30,Ended
Fringe,English,"Drama, Action, Science-Fiction",8.6,2008-09-09,Ended
State of Affairs,English,"Drama, Thriller",6.5,2014-11-17,Ended
Weeds,English,"Drama, Comedy, Crime",7.9,2005-08-07,Ended
Dexter,English,"Drama, Crime, Mystery",8.4,2006-10-01,Ended
Carnivàle,English,"Drama, Fantasy, Horror",8.0,2003-09-14,Ended
Human Target,English,"Action, Adventure, Crime",8.0,2010-01-17,Ended
Banshee,English,"Drama, Action, Crime",8.6,2013-01-11,Ended
Bionic Woman,English,"Action, Science-Fiction",6.4,2007-09-26,Ended
Battlestar Galactica,English,"Drama, Science-Fiction, War",8.7,2003-12-08,Ended
24,English,"Drama, Action, Thriller",8.3,2001-11-06,Ended
Chuck,English,"Drama, Comedy, Action",8.2,2007-09-24,Ended
Breaking Bad,English,"Drama, Crime, Thriller",9.2,2008-01-20,Ended
Orange Is the New Black,English,"Drama, Comedy, Crime",7.9,2013-07-11,Ended
How I Met Your Mother,English,"Drama, Comedy, Romance",7.9,2005-09-19,Ended
Suits,English,"Drama, Legal",8.1,2011-06-23,Ended
Parks and Recreation,English,Comedy,8.2,2009-04-09,Ended
House of Cards,English,"Drama, Thriller",8.2,2013-02-01,Ended
Teen Wolf,English,"Drama, Romance, Supernatural",8.1,2011-06-05,Ended
Pretty Little Liars,English,"Romance, Thriller, Mystery",7.4,2010-06-08,Ended
The Legend of Korra,English,"Action, Adventure, Fantasy",8.1,2012-04-14,Ended
The Wire,English,"Drama, Crime",8.8,2002-06-02,Ended
Firefly,English,"Drama, Adventure, Science-Fiction",8.9,2002-09-20,Ended
Extant,English,"Drama, Science-Fiction, Thriller",7.3,2014-07-09,Ended
Black Sails,English,"Drama, Action, Adventure",8.4,2014-01-25,Ended
Tyrant,English,"Drama, Thriller",7.8,2014-06-24,Ended
BoJack Horseman,English,"Drama, Comedy",7.9,2014-08-22,Ended
Salem,English,"Drama, Thriller, Supernatural",6.9,2014-04-20,Ended
TURN: Washington's Spies,English,"Drama, War",7.9,2014-04-06,Ended
Intelligence,English,"Action, Science-Fiction",6.6,2014-01-07,Ended
Believe,English,"Drama, Action, Fantasy",7.3,2014-03-10,Ended
Star-Crossed,English,"Drama, Romance, Science-Fiction",6.9,2014-02-17,Ended
Crisis,English,"Drama, Action, Thriller",7.1,2014-03-16,Ended
Halt and Catch Fire,English,Drama,8.1,2014-06-01,Ended
Hello Ladies,English,Comedy,6.5,2013-09-29,Ended
Dads,English,Comedy,5.1,2013-09-17,Ended
Hannibal,English,"Drama, Crime, Horror",8.2,2013-04-04,Ended
Bates Motel,English,"Drama, Horror, Thriller",8.0,2013-03-18,Ended
The Following,English,"Drama, Crime, Thriller",6.9,2013-01-21,Ended
Da Vinci's Demons,English,"Drama, Horror",8.0,2013-04-12,Ended
The Fosters,English,"Drama, Family, Romance",7.5,2013-06-03,Ended
Mistresses,English,"Drama, Romance",7.6,2013-06-03,Ended
The Tomorrow People,English,"Action, Science-Fiction",7.3,2013-10-09,Ended
Devious Maids,English,"Drama, Crime, Mystery",7.6,2013-06-23,Ended
Almost Human,English,"Drama, Crime, Science-Fiction",7.7,2013-11-17,Ended
The Carrie Diaries,English,"Drama, Comedy, Romance",6.5,2013-01-14,Ended
Stargate SG·1,English,"Action, Adventure, Science-Fiction",8.8,1997-07-27,Ended
Graceland,English,"Drama, Action, Crime",7.3,2013-06-06,Ended
Stargate Atlantis,English,"Action, Adventure, Science-Fiction",8.8,2004-07-16,Ended
Stargate Universe,English,"Action, Adventure, Science-Fiction",8.2,2009-10-02,Ended
The Chair,English,,,2014-09-06,Ended
Survivor's Remorse,English,"Drama, Comedy, Sports",6.6,2014-10-04,Ended
Doctor Who,English,"Drama, Adventure, Science-Fiction",8.3,2005-03-26,Ended
666 Park Avenue,English,"Drama, Mystery, Supernatural",6.6,2012-09-30,Ended
Alcatraz,English,"Drama, Science-Fiction, Thriller",7.0,2012-01-16,Ended
The Gates,English,"Drama, Crime, Supernatural",7.2,2010-06-20,Ended
Kingdom,English,"Drama, Family, Sports",7.9,2014-10-08,Ended
American Dad!,English,"Comedy, Family",7.4,2005-02-06,Running
Rick and Morty,English,"Comedy, Adventure, Science-Fiction",8.8,2013-12-02,Running
Hostages,English,"Drama, Thriller",6.4,2013-09-23,Ended
Being Human,English,"Drama, Horror, Romance",7.5,2011-01-17,Ended
Alphas,English,"Drama, Science-Fiction, Supernatural",7.5,2011-07-11,Ended
Crossing Lines,English,"Drama, Action, Crime",7.6,2013-06-23,Ended
Rectify,English,"Drama, Crime",8.0,2013-04-22,Ended
Happyland,English,"Drama, Comedy",7.0,2014-09-30,Ended
Twisted,English,"Drama, Thriller, Mystery",7.3,2013-03-19,Ended
Ravenswood,English,"Drama, Horror",7.1,2013-10-22,Ended
The Crazy Ones,English,Comedy,7.1,2013-09-26,Ended
Mob City,English,"Drama, Crime",7.3,2013-12-04,Ended
Last Resort,English,"Drama, Action, War",7.3,2012-09-27,Ended
The Neighbors,English,"Comedy, Science-Fiction",6.9,2012-09-26,Ended
Go On,English,Comedy,7.2,2012-08-08,Ended
Vegas,English,Drama,7.9,2012-09-25,Ended
The River,English,"Drama, Horror, Supernatural",6.9,2012-02-07,Ended
Awake,English,"Drama, Fantasy, Thriller",7.4,2012-03-01,Ended
Missing,English,"Drama, Action, Thriller",7.0,2012-03-15,Ended
The New Normal,English,Comedy,7.1,2012-09-10,Ended
GCB,English,"Drama, Comedy, Romance",7.2,2012-03-04,Ended
Revolution,English,"Action, Adventure, Science-Fiction",7.6,2012-09-17,Ended
Dallas,English,"Drama, Family",6.5,2012-06-13,Ended
Anger Management,English,Comedy,6.4,2012-06-28,Ended
Cops,English,"Action, Crime",7.1,1989-03-11,Running
Benched,English,"Comedy, Legal",7.2,2014-10-28,Ended
The Great Fire,English,Drama,7.0,2014-10-16,Ended
Conan,English,Comedy,7.7,2010-11-08,Ended
Strange Empire,English,"Drama, Western",7.2,2014-10-06,Ended
Town of the Living Dead,English,,,2014-10-07,Ended
Long Shadow,English,"War, History",,2014-09-24,Ended
The Colbert Report,English,Comedy,7.2,2005-10-17,Ended
Transporter: The Series,English,"Action, Adventure, Crime",7.3,2013-01-04,Ended
The Daily Show with Jon Stewart,English,Comedy,8.0,1999-01-11,Ended
Kirby Buckets,English,Comedy,,2014-10-20,Ended
Downton Abbey,English,"Drama, Family, Romance",8.7,2010-09-26,Ended
Girl Meets World,English,"Drama, Comedy, Family",7.7,2014-06-27,Ended
Hell's Kitchen,English,Food,6.8,2005-05-30,To Be Determined
World Series of Poker,English,Sports,7.8,2006-08-22,Running
Anthony Bourdain: Parts Unknown,English,"Food, Travel",7.7,2013-04-14,Ended
Comic Book Men,English,Comedy,7.4,2012-02-12,Ended
Key & Peele,English,Comedy,7.5,2012-01-31,Ended
Glue,English,Drama,7.7,2014-09-15,Ended
Southern Justice,English,Crime,,2014-04-15,Ended
Tosh.0,English,Comedy,6.2,2009-06-04,Ended
The Soup,English,Comedy,4.5,2004-07-30,Ended
The Driver,English,"Drama, Crime",6.9,2014-09-23,Ended
Last Week Tonight with John Oliver,English,Comedy,7.9,2014-04-27,Running
The Late Show with David Letterman,English,Comedy,7.4,1993-08-30,Ended
Mount Pleasant,English,"Drama, Comedy",,2011-08-24,Ended
Lovesick,English,"Comedy, Romance",7.3,2014-10-02,Ended
Package Deal,English,Comedy,6.2,2013-06-18,Ended
Peaky Blinders,English,"Drama, Crime, History",8.5,2013-09-12,Ended
The League,English,"Comedy, Sports",7.6,2009-10-29,Ended
Saving Hope,English,"Drama, Fantasy, Medical",7.8,2012-06-07,Ended
Talking Dead,English,,6.2,2011-10-17,To Be Determined
Black Dynamite,English,"Comedy, Action",8.0,2012-07-15,Ended
Bad Education,English,Comedy,6.5,2012-08-14,To Be Determined
Ali G: Rezurection,English,Comedy,6.0,2014-02-26,Ended
New Tricks,English,"Drama, Comedy, Crime",7.8,2004-04-01,Ended
Brickleberry,English,Comedy,7.7,2012-09-25,Ended
Face Off,English,,8.0,2011-01-26,Ended
Real Time with Bill Maher,English,,5.3,2003-02-21,Running
Franklin & Bash,English,"Drama, Comedy, Legal",7.0,2011-06-01,Ended
Mock the Week,English,Comedy,7.5,2005-06-05,Ended
Awkward.,English,"Drama, Comedy, Romance",7.3,2011-07-19,Ended
Faking It,English,"Comedy, Romance",7.5,2014-04-22,Ended
Mr. Selfridge,English,Drama,7.6,2013-01-06,Ended
"Signed, Sealed, Delivered",English,"Romance, Mystery",7.8,2013-10-12,To Be Determined
Happy Valley,English,"Drama, Crime",8.0,2014-04-29,Ended
Kroll Show,English,Comedy,,2013-01-16,Ended
American Idol,English,Music,5.1,2002-06-11,Running
America's Got Talent,English,Music,5.7,2006-06-21,Running
Adventure Time,English,"Comedy, Adventure, Fantasy",7.8,2008-12-07,Ended
Motive,English,"Drama, Crime, Mystery",7.8,2013-02-03,Ended
The NEW Celebrity Apprentice,English,,4.5,2008-01-03,Ended
Newswipe,English,Comedy,,2009-03-25,Ended
The Night Shift,English,"Drama, Action, Medical",8.0,2014-05-27,Ended
Top Chef,English,Food,7.4,2006-03-08,Running
Top Gear,English,,5.3,2010-11-21,Ended
Undateable,English,"Comedy, Romance",7.8,2014-05-29,Ended
Chasing Life,English,"Drama, Romance, Medical",7.8,2014-06-10,Ended
Power,English,"Drama, Crime",7.9,2014-06-07,Ended
Murder in the First,English,"Drama, Crime, Mystery",7.8,2014-06-09,Ended
Hart of Dixie,English,"Drama, Comedy, Romance",7.8,2011-09-26,Ended
Trailer Park Boys,English,"Comedy, Crime",7.6,2001-04-22,Running
Deadbeat,English,"Comedy, Supernatural",6.7,2014-04-09,Ended
The Venture Bros.,English,"Comedy, Adventure",8.2,2003-02-16,Ended
Black Mirror,English,"Drama, Science-Fiction, Thriller",8.4,2011-12-04,Running
Broadchurch,English,"Drama, Crime, Mystery",8.4,2013-03-04,Ended
Bluestone 42,English,"Drama, Comedy, War",7.1,2013-03-05,Ended
Matador,English,"Drama, Action",6.9,2014-07-15,Ended
Rogue,English,"Action, Crime",7.6,2013-04-03,Ended
Married,English,"Drama, Comedy, Romance",5.1,2014-07-17,Ended
Satisfaction,English,"Drama, Comedy, Romance",7.6,2014-07-17,Ended
You're the Worst,English,"Drama, Comedy, Romance",7.7,2014-07-17,Ended
Plebs,English,Comedy,7.3,2013-03-25,Ended
VICE,English,"Drama, Crime",7.6,2013-04-05,Ended
Archer,English,"Comedy, Action, Espionage",8.3,2009-09-17,Ended
The Missing,English,"Drama, Crime, Thriller",8.0,2014-10-28,Ended
Vicious,English,Comedy,8.0,2013-04-29,Ended
Community,English,Comedy,8.3,2009-09-17,Ended
Cougar Town,English,Comedy,7.4,2009-09-23,Ended
The Fall,English,"Drama, Crime, Thriller",8.0,2013-05-13,Ended
Arrested Development,English,"Comedy, Family",8.2,2003-11-02,Ended
Hit the Floor,English,"Drama, Romance, Sports",7.2,2013-05-27,Ended
White Collar,English,"Drama, Comedy, Crime",8.2,2009-10-23,Ended
MasterChef,English,Food,6.8,2010-07-27,Running
Being Mary Jane,English,"Drama, Family",7.8,2013-07-02,Ended
Undercover Boss,English,,6.1,2010-02-07,Ended
Inside Amy Schumer,English,Comedy,5.6,2013-04-30,Ended
Midsomer Murders,English,"Drama, Crime, Mystery",7.9,1998-03-22,Running
Shark Tank,English,,6.7,2009-08-09,Running
On the Menu,English,Food,,2014-10-03,Ended
Deal With It,English,,,2013-07-17,Ended
Alpha House,English,"Drama, Comedy",7.1,2013-04-19,Ended
The Game,English,"Drama, Comedy, Sports",,2006-10-01,Ended
Drunk History,English,"Comedy, History",6.2,2013-07-09,Ended
Sherlock,English,"Drama, Crime, Mystery",8.9,2010-07-25,Ended
Marvel's Agent Carter,English,"Action, Adventure, Science-Fiction",8.0,2015-01-06,Ended
Ramsay's Costa Del Nightmares,English,Food,6.7,2014-09-23,Ended
Secrets and Lies,English,"Drama, Crime, Thriller",7.4,2015-03-01,Ended
American Crime,English,"Drama, Crime",7.8,2015-03-05,Ended
The Librarians,English,"Action, Adventure, Supernatural",7.2,2014-12-07,Ended
Aquarius,English,"Drama, Crime",7.0,2015-05-28,Ended
Louie,English,"Drama, Comedy",7.9,2010-06-29,Ended
Atlantis,English,"Drama, Adventure, Fantasy",7.0,2013-09-28,Ended
Rizzoli & Isles,English,"Drama, Crime",8.0,2010-07-12,Ended
Covert Affairs,English,"Drama, Action, Crime",7.2,2010-07-13,Ended
Hot in Cleveland,English,Comedy,7.8,2010-06-16,Ended
It's Always Sunny in Philadelphia,English,Comedy,8.1,2005-08-04,Running
Melissa & Joey,English,"Comedy, Family",7.6,2010-08-17,Ended
The Wrong Mans,English,"Comedy, Crime, Thriller",7.7,2013-09-24,Ended
Last Comic Standing,English,Comedy,,2003-06-10,Ended
Baby Daddy,English,"Comedy, Family",7.8,2012-06-20,Ended
The Exes,English,Comedy,7.2,2011-11-30,Ended
Line of Duty,English,"Drama, Crime, Thriller",8.6,2012-06-26,Running
Ground Floor,English,Comedy,7.5,2013-11-14,Ended
Mike & Molly,English,"Comedy, Family",7.4,2010-09-20,Ended
Man Down,English,Comedy,8.0,2013-10-18,Ended
Perception,English,"Drama, Crime",7.8,2012-07-09,Ended
Spartacus: Gods of the Arena,English,"Drama, Action, History",8.4,2011-01-21,Ended
TripTank,English,Comedy,6.4,2014-04-02,Ended
Ripper Street,English,"Drama, Crime, Mystery",8.1,2012-12-30,Ended
Saturday Night Live,English,"Comedy, Music",6.0,1975-10-11,Running
Switched at Birth,English,"Drama, Family",7.7,2011-06-06,Ended
Late Night with Seth Meyers,English,Comedy,4.4,2014-02-24,Running
Single Ladies,English,"Drama, Romance",,2011-05-30,Ended
The After,English,"Drama, Science-Fiction, Mystery",7.7,2014-02-06,Ended
Sirens,English,Comedy,7.7,2014-03-06,Ended
Six Feet Under,English,"Drama, Comedy",8.1,2001-06-03,Ended
Red Dwarf,English,"Comedy, Science-Fiction",7.9,1988-02-15,Ended
Wizards vs Aliens,English,"Fantasy, Science-Fiction",7.5,2012-10-29,Ended
Workaholics,English,Comedy,7.3,2011-04-06,Ended
The Red Road,English,"Drama, Crime, Family",7.4,2014-02-27,Ended
See Dad Run,English,Comedy,5.8,2012-10-06,Ended
Moone Boy,English,Comedy,7.4,2012-09-14,Ended
Inside No. 9,English,"Comedy, Thriller, Supernatural",8.0,2014-02-05,Ended
Broad City,English,Comedy,8.0,2014-01-22,Ended
Portlandia,English,Comedy,6.9,2011-01-21,Ended
The Musketeers,English,"Drama, Action, Adventure",8.0,2014-01-19,Ended
Citizen Khan,English,"Comedy, Family",6.7,2012-08-27,Ended
Mythbusters,English,"Adventure, Nature, DIY",8.0,2003-01-23,Ended
Birds of a Feather,English,Comedy,7.3,1989-10-16,Ended
Aqua Teen Hunger Force,English,"Comedy, Action, Adventure",7.6,2000-12-30,Ended
Peep Show,English,Comedy,8.0,2003-09-19,Ended
Major Crimes,English,"Drama, Action, Crime",8.0,2012-08-13,Ended
Mad Men,English,Drama,8.1,2007-07-19,Ended
Yonderland,English,"Comedy, Fantasy",7.8,2013-11-10,Ended
Rookie Blue,English,"Drama, Action, Crime",7.5,2010-06-24,Ended
The Late Late Show with Craig Ferguson,English,Comedy,6.9,2005-01-03,Ended
Last Call with Carson Daly,English,,,2002-01-08,Ended
Life Is Toff,English,,,2014-10-28,Ended
Hunted,English,"Drama, Action, Thriller",8.0,2012-10-04,Ended
Video Game High School,English,"Comedy, Action, Science-Fiction",7.5,2012-05-11,Ended
Call the Midwife,English,"Drama, Medical",8.0,2012-01-15,Running
Longmire,English,"Drama, Thriller, Western",8.3,2012-06-03,Ended
Gravity Falls,English,"Adventure, Mystery, Supernatural",8.9,2012-06-15,Ended
Don't Trust the B---- in Apartment 23,English,Comedy,7.5,2012-04-11,Ended
Duck Dynasty,English,"Comedy, Adventure",5.8,2012-03-21,Ended
The Client List,English,"Drama, Romance",6.5,2012-04-08,Ended
Copper,English,"Drama, Crime",7.7,2012-08-19,Ended
Smash,English,Drama,7.9,2012-02-06,Ended
A Young Doctor's Notebook,English,"Drama, Comedy",7.5,2012-12-06,Ended
Touch,English,"Drama, Science-Fiction, Mystery",7.5,2012-01-25,Ended
Magic City,English,"Drama, Crime, Mystery",7.9,2012-03-30,Ended
Derek,English,"Drama, Comedy",8.0,2012-04-12,Ended
Men at Work,English,"Drama, Comedy",6.9,2012-05-24,Ended
Mortal Kombat: Legacy,English,"Action, Adventure, Fantasy",7.3,2011-04-12,Ended
Jane by Design,English,"Drama, Comedy",7.8,2012-01-03,Ended
Invader ZIM,English,Children,7.8,2001-03-30,Ended
Rival Survival,English,,,,Ended
The Cape,English,"Drama, Crime, Supernatural",6.5,2011-01-09,Ended
Fairly Legal,English,Drama,7.8,2011-01-20,Ended
Whitney,English,"Comedy, Romance",7.2,2011-09-22,Ended
Duckman: Private Dick/Family Man,English,"Comedy, Crime",7.4,1994-03-05,Ended
Olive Kitteridge,English,Drama,8.0,2014-11-02,Ended
Are You the One?,English,Romance,5.5,2014-01-21,Ended
MasterChef Junior,English,"Children, Food",6.9,2013-09-27,Ended
Chrisley Knows Best,English,"Comedy, Family",5.4,2014-03-11,Ended
Snooki & JWoww,English,,5.3,2012-06-21,Ended
Slednecks,English,,,2014-10-30,Ended
Rugrats,English,"Comedy, Children",7.2,1991-08-11,Ended
A Gifted Man,English,"Drama, Fantasy, Medical",7.7,2011-09-23,Ended
Life's Too Short,English,Comedy,7.3,2011-11-10,Ended
Kourtney & Khloe Take the Hamptons,English,,,2014-11-02,Ended
The Passing Bells,English,"Drama, War, History",7.0,2014-11-03,Ended
The People Remember,English,History,,2014-11-03,Ended
Buffy the Vampire Slayer,English,"Drama, Action, Supernatural",8.4,1997-03-10,Ended
Angel,English,"Drama, Action, Supernatural",8.0,1999-10-05,Ended
Farscape,English,"Action, Adventure, Science-Fiction",8.6,1999-03-19,Ended
The X-Files,English,"Drama, Crime, Science-Fiction",8.6,1993-09-10,Ended
Friends,English,"Comedy, Romance",8.5,1994-09-22,Ended
Dollhouse,English,"Action, Science-Fiction",7.7,2009-02-13,Ended
Caprica,English,"Drama, Science-Fiction",7.5,2010-01-22,Ended
Warehouse 13,English,"Drama, Science-Fiction, Mystery",8.4,2009-07-07,Ended
Smallville,English,"Drama, Adventure, Science-Fiction",8.1,2001-10-16,Ended
Dead Like Me,English,"Drama, Comedy, Supernatural",8.1,2003-06-27,Ended
Xena: Warrior Princess,English,"Action, Adventure, Fantasy",7.7,1995-09-04,Ended
The Adventures of Sinbad,English,"Action, Adventure",6.0,1996-09-28,Ended
Wolverine and the X-Men,English,"Action, Adventure, Science-Fiction",7.7,2008-09-08,Ended
Everwood,English,"Drama, Family, Romance",8.0,2002-09-16,Ended
Once a Thief,English,"Comedy, Action, Thriller",7.5,1997-09-15,Ended
XIII: The Series,English,"Action, Adventure",7.8,2011-04-20,Ended
Metal Hurlant Chronicles,English,"Action, Adventure, Science-Fiction",6.4,2012-10-27,Ended
Defying Gravity,English,"Drama, Science-Fiction, Thriller",7.8,2009-08-02,Ended
Charlie's Angels,English,"Action, Crime",7.7,2011-09-22,Ended
The Universe,English,"Adventure, Family, Science-Fiction",7.8,2007-05-29,Ended
True Justice,English,"Drama, Action, Crime",6.3,2012-03-30,Ended
Wolf Lake,English,"Drama, Crime, Supernatural",7.8,2001-09-19,Ended
Knight Rider,English,"Action, Adventure, Science-Fiction",6.8,2008-02-17,Ended
The Deep,English,Drama,7.5,2010-08-03,Ended
Tales from the Crypt,English,"Comedy, Fantasy, Horror",8.0,1989-06-10,Ended
Pacific Blue,English,"Drama, Action, Crime",6.5,1996-03-02,Ended
Blade: The Series,English,"Action, Supernatural",6.8,2006-06-28,Ended
Moonlight,English,"Drama, Horror, Romance",7.9,2007-09-28,Ended
The Event,English,"Drama, Action, Science-Fiction",7.3,2010-09-20,Ended
FlashForward,English,"Drama, Crime, Science-Fiction",7.8,2009-09-24,Ended
Harper's Island,English,"Horror, Thriller, Mystery",7.7,2009-04-09,Ended
Adventure Inc.,English,"Action, Adventure",7.3,2002-09-30,Ended
Legend of the Seeker,English,"Action, Adventure, Fantasy",7.9,2008-11-01,Ended
TekWar,English,"Action, Science-Fiction",7.4,1994-12-22,Ended
Dark Skies,English,"Drama, Science-Fiction",7.8,1996-09-21,Ended
The Pacific,English,"Drama, Action, War",8.3,2010-03-14,Ended
Band of Brothers,English,"Drama, Action, War",9.0,2001-09-09,Ended
Columbo,English,"Drama, Crime, Mystery",8.0,1968-02-20,Ended
Blood Ties,English,"Fantasy, Horror, Mystery",7.9,2007-03-11,Ended
"Walker, Texas Ranger",English,"Drama, Action, Crime",6.8,1993-04-21,Ended
ReGenesis,English,"Drama, Science-Fiction, Mystery",7.8,2004-10-24,Ended
The Prisoner,English,"Drama, Science-Fiction, Mystery",8.0,1967-10-01,Ended
The Prisoner,English,"Drama, Science-Fiction, Mystery",7.0,2009-11-15,Ended
X-Men,English,"Children, Science-Fiction",8.0,1992-10-31,Ended
Veronica Mars,English,"Drama, Crime, Mystery",8.5,2004-09-22,Ended
Charlie's Angels,English,"Action, Adventure",7.7,1976-09-22,Ended
Babylon 5,English,"Drama, Action, Science-Fiction",8.4,1993-02-22,Ended
Dead Set,English,"Comedy, Fantasy, Horror",7.3,2008-10-27,Ended
Son of the Beach,English,Comedy,,2000-03-14,Ended
Terminator: The Sarah Connor Chronicles,English,"Drama, Action, Science-Fiction",8.2,2008-01-13,Ended
Witchblade,English,"Action, Crime, Supernatural",7.7,2000-08-27,Ended
Birds of Prey,English,"Action, Adventure, Science-Fiction",7.7,2002-10-09,Ended
The Batman,English,"Action, Adventure, Science-Fiction",7.7,2004-09-11,Ended
Masters of Horror,English,Horror,7.5,2005-10-28,Ended
The 4400,English,"Drama, Science-Fiction, Mystery",7.7,2004-07-11,Ended
Painkiller Jane,English,"Action, Adventure, Science-Fiction",7.2,2007-04-13,Ended
Day Break,English,"Drama, Science-Fiction, Thriller",7.8,2006-11-15,Ended
Andromeda,English,"Action, Science-Fiction",7.7,2000-10-02,Ended
Harsh Realm,English,"Drama, Action, Science-Fiction",7.0,1999-10-08,Ended
Naruto: Shippūden,Japanese,"Action, Adventure, Anime, Fantasy",8.5,2007-02-15,Ended
Sonic Boom,English,"Comedy, Action, Children",4.6,2014-11-08,Ended
Star Trek,English,"Action, Adventure, Science-Fiction",8.4,1966-09-08,Ended
Star Trek: The Next Generation,English,"Action, Adventure, Science-Fiction",8.7,1987-09-28,Ended
Star Trek: Voyager,English,"Action, Adventure, Science-Fiction",8.3,1995-01-16,Ended
Star Trek: Deep Space Nine,English,"Action, Adventure, Science-Fiction",8.4,1993-01-03,Ended
V,English,"Drama, Adventure, Science-Fiction",7.4,2009-11-03,Ended
Naruto,Japanese,"Action, Adventure, Anime, Fantasy",8.1,2002-10-03,Ended
100 Things to Do Before High School,English,"Comedy, Children",6.5,2014-11-11,Ended
Strip the Cosmos,English,"Mystery, Nature, History",7.2,2014-11-12,Ended
Dogs of War,English,War,,2014-11-11,Ended
Married... with Children,English,"Comedy, Family, Adult",8.1,1987-04-05,Ended
Mutant X,English,"Action, Adventure, Science-Fiction",6.9,2001-10-06,Ended
Northern Exposure,English,"Drama, Comedy",8.2,1990-07-12,Ended
The Lost World,English,"Action, Adventure, Science-Fiction",7.9,1999-04-03,Ended
The Lost Room,English,"Drama, Science-Fiction, Thriller",8.0,2006-12-11,Ended
Batman Beyond,English,"Action, Adventure, Science-Fiction",8.0,1999-01-10,Ended
Justice League Unlimited,English,"Action, Adventure, Science-Fiction",7.9,2004-07-31,Ended
Charmed,English,"Drama, Romance, Supernatural",8.1,1998-10-07,Ended
Angels in America,English,"Drama, Fantasy",7.9,2003-12-07,Ended
The Grid,English,"Drama, Thriller",7.9,2004-07-19,Ended
Mr. Sunshine,English,"Comedy, Sports",6.9,2011-02-09,Ended
Breaking In,English,"Comedy, Action, Crime",7.4,2011-04-06,Ended
The Chicago Code,English,Drama,7.7,2011-02-07,Ended
Up All Night,English,Comedy,6.5,2011-09-14,Ended
The Nine Lives of Chloe King,English,"Drama, Action, Supernatural",6.8,2011-06-14,Ended
Jessie,English,Comedy,7.3,2011-09-30,Ended
The Borgias,English,"Drama, Romance, History",7.8,2011-04-03,Ended
Terra Nova,English,"Action, Adventure, Science-Fiction",7.5,2011-09-26,Ended
Psych,English,"Drama, Comedy, Crime",8.0,2006-07-07,Ended
Bad Girls Club,English,,,2006-12-05,Ended
Preachers of L.A.,English,,,2013-10-09,Ended
Lie to Me,English,"Drama, Crime, Mystery",8.0,2009-01-21,Ended
The Real Housewives of New Jersey,English,,5.6,2009-05-12,Running
Top Gear,English,,7.3,2002-10-20,Ended
The West Wing,English,Drama,8.6,1999-09-22,Ended
Moonshiners,English,,6.1,2011-12-06,Running
Gilmore Girls,English,"Drama, Comedy, Romance",8.0,2000-10-05,Ended
The Office,English,Comedy,8.5,2005-03-24,Ended
The Sopranos,English,"Drama, Crime",8.8,1999-01-10,Ended
The Flash,English,"Action, Adventure, Science-Fiction",7.7,1990-09-20,Ended
Cupcake Wars,English,Food,,2010-06-13,Ended
Seinfeld,English,Comedy,8.3,1989-07-05,Ended
Breaking Amish,English,,,2012-09-09,Ended
Scrubs,English,"Drama, Comedy, Medical",8.4,2001-10-02,Ended
Instant Mom,English,"Comedy, Family",7.0,2013-09-29,Ended
Pawn Stars,English,,6.8,2009-07-19,Running
Anthony Bourdain: No Reservations,English,"Food, Travel",7.8,2005-07-25,Ended
Whose Line Is It Anyway?,English,"Comedy, Family",7.7,1998-08-05,Ended
30 Rock,English,Comedy,8.0,2006-10-11,Ended
Futurama,English,"Comedy, Adventure, Science-Fiction",8.6,1999-03-28,Running
The IT Crowd,English,Comedy,8.7,2006-02-03,Ended
Frasier,English,Comedy,8.0,1993-09-16,Ended
Prison Break,English,"Drama, Crime, Thriller",8.2,2005-08-29,Ended
Eureka,English,"Drama, Comedy, Science-Fiction",8.5,2006-07-18,Ended
Monk,English,"Drama, Crime, Mystery",8.0,2002-07-12,Ended
Home Improvement,English,"Comedy, Family",7.2,1991-09-17,Ended
Halo: Nightfall,English,"Action, Adventure, Science-Fiction",6.2,2014-11-11,Ended
Babylon,English,"Drama, Comedy, Crime",7.9,2014-02-09,Ended
ER,English,"Drama, Medical",7.9,1994-09-19,Ended
Skins,English,"Drama, Comedy",7.9,2007-01-25,Ended
Will & Grace,English,Comedy,7.3,1998-09-21,Ended
Desperate Housewives,English,"Drama, Mystery",7.5,2004-10-03,Ended
Curb Your Enthusiasm,English,Comedy,7.9,2000-10-15,Ended
The King of Queens,English,"Comedy, Family",7.1,1998-09-21,Ended
Cheers,English,Comedy,8.0,1982-09-30,Ended
Dark Angel,English,"Action, Science-Fiction",8.0,2000-10-03,Ended
Avatar: The Last Airbender,English,"Action, Adventure, Fantasy",9.0,2005-02-21,Ended
Wilfred,English,"Drama, Comedy, Mystery",7.6,2011-06-23,Ended
Alias,English,"Drama, Action, Espionage",8.0,2001-09-30,Ended
Persons Unknown,English,"Drama, Thriller, Mystery",7.2,2010-06-07,Ended
Entourage,English,"Drama, Comedy",7.7,2004-07-18,Ended
One Tree Hill,English,Drama,7.8,2003-09-23,Ended
La Femme Nikita,English,"Drama, Action, Thriller",7.7,1997-01-13,Ended
Law & Order,English,"Drama, Crime, Legal",7.4,1990-09-13,Running
Star Wars: The Clone Wars,English,"Action, Adventure, Science-Fiction",8.4,2008-10-03,Ended
Nip/Tuck,English,"Drama, Medical",7.8,2003-07-22,Ended
Deadwood,English,"Drama, Crime, Western",8.7,2004-03-21,Ended
Ghost Whisperer,English,"Drama, Fantasy",7.7,2005-09-23,Ended
Gossip Girl,English,"Drama, Romance",7.3,2007-09-19,Ended
Malcolm in the Middle,English,Comedy,7.7,2000-01-09,Running
Dharma & Greg,English,"Comedy, Family, Romance",7.4,1997-09-24,Ended
NYPD Blue,English,"Drama, Crime",7.9,1993-09-21,Ended
The Glades,English,"Drama, Action, Crime",7.9,2010-07-11,Ended
American Pickers,English,"Travel, History",7.4,2010-01-18,To Be Determined
Everybody Loves Raymond,English,"Comedy, Family",7.0,1996-09-13,Ended
Happy Endings,English,Comedy,7.3,2011-04-13,Ended
Keeping Up with the Kardashians,English,Drama,3.3,2007-10-14,Ended
CSI: Miami,English,"Drama, Crime",7.6,2002-09-23,Ended
Fawlty Towers,English,Comedy,8.4,1975-09-19,Ended
90210,English,"Drama, Romance",6.4,2008-09-02,Ended
Harry's Law,English,"Drama, Legal",7.4,2011-01-17,Ended
Raising Hope,English,"Comedy, Family",7.9,2010-09-21,Ended
JAG,English,"Drama, Crime, Legal",7.4,1995-09-23,Ended
The Fresh Prince of Bel-Air,English,"Comedy, Family",7.9,1990-09-10,Ended
Sliders,English,"Adventure, Fantasy, Science-Fiction",7.8,1995-03-22,Ended
Las Vegas,English,"Drama, Crime",7.6,2003-09-22,Ended
Ghost Hunters,English,Supernatural,6.2,2004-10-06,To Be Determined
Breakout Kings,English,"Drama, Action, Crime",7.3,2011-03-06,Ended
That '70s Show,English,Comedy,8.0,1998-08-23,Ended
NTSF:SD:SUV,English,"Comedy, Espionage",6.9,2011-07-22,Ended
Bad Teacher,English,Comedy,5.9,2014-04-24,Ended
Pokémon,Japanese,"Adventure, Anime, Fantasy",7.8,1997-04-01,Running
Eat: The Story of Food,English,Food,,2014-11-21,Ended
"Dr. Oakley, Yukon Vet",English,,7.9,2014-04-12,Running
Murdoch Mysteries,English,"Drama, Crime, Mystery",8.1,2008-01-24,Running
Henry Danger,English,"Comedy, Family, Science-Fiction",6.7,2014-07-26,Ended
The Thundermans,English,"Comedy, Family, Science-Fiction",6.4,2013-10-14,Ended
The Real Housewives of Atlanta,English,,4.4,2008-10-07,Running
Boston Legal,English,"Drama, Comedy, Legal",8.0,2004-10-03,Ended
Hair Jacked,English,,,2014-10-27,Ended
Crowd Control,English,,,2014-11-24,Ended
Fake Off,English,,,2014-10-27,Ended
Euros of Hollywood,English,,,2014-11-03,Ended
Godfather of Pittsburgh,English,,,2014-11-10,Ended
Booze Traveler,English,"Food, Travel",,2014-11-24,Ended
Eric Greenspan is Hungry,English,"Food, Travel",,2014-11-24,Ended
Air Warriors,English,"Drama, Action, War",6.8,2014-11-09,Ended
The Astronaut Wives Club,English,"Drama, History",7.2,2015-06-18,Ended
Galavant,English,"Comedy, Fantasy, Music",7.8,2015-01-04,Ended
Wake Up Call,English,Drama,,2014-12-12,Ended
Expedition Unknown,English,"Adventure, Mystery, History",7.6,2015-01-08,Running
Eye Candy,English,"Drama, Crime, Thriller",6.6,2015-01-12,Ended
12 Monkeys,English,"Drama, Adventure, Science-Fiction",7.7,2015-01-16,Ended
Sons of Liberty,English,"Drama, Action, History",7.9,2015-01-25,Ended
Street Art Throwdown,English,,,2015-02-03,Ended
Allegiance,English,"Drama, Crime, Thriller",7.0,2015-02-05,Ended
Better Call Saul,English,"Drama, Crime, Legal",8.6,2015-02-08,Ended
Outlaw Country,English,"Drama, Crime",,2015-02-24,Ended
The Last Man on Earth,English,"Comedy, Science-Fiction",7.0,2015-03-01,Ended
Backstrom,English,"Drama, Comedy, Crime",7.8,2015-01-22,Ended
Wrestling with Death,English,,,2015-01-13,Ended
Younger,English,"Comedy, Romance",7.3,2015-03-31,Ended
Hindsight,English,"Drama, Comedy, Science-Fiction",6.8,2015-01-07,Ended
Polka Kings,English,,,2015-04-11,Ended
A.D. The Bible Continues,English,"Drama, Adventure",6.1,2015-04-05,Ended
Dig,English,"Drama, Thriller, Mystery",7.3,2015-03-05,Ended
Rock This Boat: New Kids on the Block,English,,,2015-01-14,Ended
Kitchen Inferno,English,Food,,2014-11-05,Ended
Murder Book,English,Crime,,2014-12-02,Ended
My Strange Criminal Addiction,English,Crime,,2014-12-01,Ended
Momsters: When Moms Go Bad,English,,,2014-11-28,Ended
Food Truck Face Off,English,,,2014-09-28,Ended
Love the Way You Lie,English,"Drama, Crime",,2014-11-12,Ended
Ascension,English,"Drama, Science-Fiction",7.7,2014-12-15,Ended
The Pioneers,English,,,2014-12-09,Ended
Girlfriends' Guide to Divorce,English,"Drama, Comedy, Romance",7.5,2014-12-02,Ended
Sacred Journeys with Bruce Feiler,English,,,2014-12-16,Ended
Hitler the Junkie,English,"Drama, War",,2014-12-14,Ended
Biblical Conspiracies,English,History,,2014-12-14,Ended
Amish Renogades,English,"Travel, DIY",,2014-11-22,Ended
The Carbonaro Effect,English,Comedy,7.6,2014-05-15,Ended
Barmageddon,English,,,2014-10-29,Ended
My Crazy Love,English,Romance,,2014-10-28,Ended
Friends of the People,English,Comedy,,2014-10-28,Ended
Bye Felicia!,English,,,2014-12-09,Ended
Nail'd It!,English,,,2014-10-07,Ended
The Red Tent,English,Drama,6.0,2014-12-07,Ended
Risking It All,English,,,2014-11-18,Ended
The Sisterhood: Becoming Nuns,English,,,2014-11-25,Ended
Lucha Underground,English,,7.9,2014-10-29,Ended
Country Buck$,English,,,2014-11-19,Ended
Ally McBeal,English,"Drama, Comedy, Legal",7.2,1997-09-08,Ended
Spin City,English,Comedy,7.7,1996-09-17,Ended
Spooks,English,"Drama, Thriller, Espionage",8.0,2002-05-13,Ended
Crossbones,English,"Drama, Action, Adventure",6.9,2014-05-30,Ended
Torchwood,English,"Drama, Science-Fiction",8.0,2006-10-22,Ended
Joey,English,"Comedy, Romance",6.7,2004-09-09,Ended
The Great Christmas Light Fight,English,,7.2,2013-12-09,Running
Leverage,English,"Drama, Action, Crime",8.1,2008-12-07,Ended
The Shield,English,"Drama, Crime",8.6,2002-03-12,Ended
Make It or Break It,English,"Drama, Comedy, Sports",6.4,2009-06-22,Ended
M*A*S*H,English,"Comedy, War, Medical",8.5,1972-09-17,Ended
Drop Dead Diva,English,"Drama, Comedy",7.8,2009-07-12,Ended
Burn Notice,English,"Drama, Action, Crime",8.0,2007-06-28,Ended
Teenage Mutant Ninja Turtles,English,"Comedy, Action, Science-Fiction",6.7,2012-09-28,Ended
In the Flesh,English,"Drama, Horror, Supernatural",7.0,2013-03-17,Ended
Luther,English,"Drama, Crime, Thriller",8.4,2010-05-04,Ended
The Avengers: Earth's Mightiest Heroes!,English,"Action, Adventure, Science-Fiction",8.0,2010-09-22,Ended
Phineas and Ferb,English,"Comedy, Children",7.3,2007-08-17,Running
Roswell,English,"Drama, Romance, Science-Fiction",7.7,1999-10-06,Ended
Southland,English,"Drama, Crime, Thriller",8.1,2009-04-09,Ended
Ancient Aliens,English,,6.5,2009-03-08,Running
Sex and the City,English,"Drama, Comedy, Romance",7.0,1998-06-06,Ended
Rome,English,"Drama, Action, Adventure",8.4,2005-08-28,Ended
My Name Is Earl,English,Comedy,7.7,2005-09-20,Ended
Damages,English,"Drama, Legal",7.8,2007-07-24,Ended
Airwolf,English,"Action, Adventure, Science-Fiction",7.3,1984-01-22,Ended
The Pretender,English,"Drama, Adventure, Mystery",7.2,1996-09-19,Ended
Numb3rs,English,"Drama, Action, Crime",7.9,2005-01-23,Ended
Boy Meets World,English,"Drama, Comedy, Family",7.0,1993-09-24,Ended
Necessary Roughness,English,"Drama, Comedy",7.1,2011-06-29,Ended
Dance Moms,English,"Drama, Family, Music",6.0,2011-07-13,Running
Robot Chicken,English,"Comedy, Science-Fiction",7.6,2005-02-20,To Be Determined
Project Runway,English,,6.9,2004-12-01,Running
Manhattan,English,Drama,8.0,2014-07-27,Ended
Young Justice,English,"Action, Adventure, Science-Fiction",8.0,2010-11-26,Ended
Roseanne,English,"Comedy, Family",5.9,1988-10-18,Ended
Daniel Tiger's Neighborhood,English,"Comedy, Children, Fantasy",3.8,2012-09-03,Running
Everybody Hates Chris,English,Comedy,7.8,2005-09-22,Ended
Jeeves & Wooster,English,Comedy,8.0,1990-04-22,Ended
Monty Python's Flying Circus,English,Comedy,7.9,1969-10-05,Ended
Durarara!!,Japanese,"Drama, Action, Anime, Fantasy",6.5,2010-01-08,Ended
The X Factor,English,Music,6.2,2004-09-04,Ended
The Critic,English,Comedy,6.8,1994-01-26,Ended
Peg + Cat,English,Children,6.2,2013-10-07,Ended
Play for Today,English,Drama,,1970-10-15,Ended
Marco Polo,English,"Drama, Action, Adventure",8.0,2014-12-12,Ended
Dancing on the Edge,English,Drama,7.4,2013-02-04,Ended
Gold Rush,English,"Action, Adventure, Nature",8.0,2010-12-03,Running
QI,English,Comedy,8.1,2003-09-11,Running
Shaun the Sheep,English,"Comedy, Children",7.8,2007-03-05,To Be Determined
Fast N' Loud,English,,7.8,2012-06-06,Ended
Teen Titans Go!,English,"Comedy, Action, Science-Fiction",7.2,2013-04-23,Running
Sofia the First,English,"Adventure, Children, Fantasy",6.4,2013-01-11,Ended
Lilyhammer,English,"Drama, Comedy, Crime",7.9,2012-01-25,Ended
An Idiot Abroad,English,"Comedy, Adventure, Travel",7.6,2010-09-23,Ended
Mickey Mouse Clubhouse,English,"Comedy, Children",6.9,2006-05-06,Ended
Who's the Boss?,English,"Comedy, Family",7.6,1984-09-20,Ended
The Tudors,English,"Drama, History",7.9,2007-04-01,Ended
SpongeBob SquarePants,English,"Comedy, Adventure, Fantasy",8.0,1999-05-01,Running
Star Trek: Enterprise,English,"Action, Adventure, Science-Fiction",8.2,2001-09-26,Ended
Spartacus,English,"Drama, Action, History",8.5,2010-01-22,Ended
Quantum Leap,English,"Drama, Action, Science-Fiction",8.0,1989-03-26,Ended
The Tonight Show Starring Jimmy Fallon,English,Comedy,4.4,2014-02-17,Running
Tanked,English,,7.5,2011-08-07,Ended
Rules of Engagement,English,"Comedy, Romance",7.9,2007-02-05,Ended
Pawnography,English,,,2014-07-10,Ended
The Golden Girls,English,"Drama, Comedy",8.0,1985-09-14,Ended
Where on Earth is Carmen Sandiego?,English,"Action, Adventure",6.4,1994-02-05,Ended
WWII in HD,English,"War, History",,2009-11-15,Ended
Pee-Wee's Playhouse,English,Comedy,7.4,1986-09-13,Ended
The Profit,English,,8.0,2013-07-30,Ended
Casualty,English,"Drama, Medical",7.2,1986-09-06,Running
Blue Mountain State,English,"Comedy, Sports",8.0,2010-01-11,Ended
Bar Rescue,English,Food,7.3,2011-07-17,Running
Fresh Off the Boat,English,Comedy,7.3,2015-02-04,Ended
The Whispers,English,"Drama, Science-Fiction, Thriller",6.9,2015-06-01,Ended
Battle Creek,English,"Drama, Comedy, Crime",7.2,2015-03-01,Ended
CSI: Cyber,English,"Drama, Action, Crime",6.7,2015-03-04,Ended
Teenage Mutant Ninja Turtles,English,"Comedy, Action, Science-Fiction",7.5,2003-02-08,Ended
Bubble Guppies,English,Children,5.4,2011-01-24,Ended
Pregnant in Heels,English,,,2011-04-05,Ended
The Odd Couple,English,Comedy,6.8,2015-02-19,Ended
Zoo,English,"Drama, Science-Fiction, Thriller",7.3,2015-06-30,Ended
Are You Smarter Than a 5th Grader?,English,,,2007-02-27,Ended
10 Things I Hate About You,English,"Drama, Comedy",6.3,2009-07-07,Ended
The Bachelorette,English,Romance,3.3,2003-01-08,Running
NY Med,English,"Drama, Medical",,2012-07-10,Ended
The Real Housewives of Beverly Hills,English,,6.0,2010-10-14,Running
Shameless,English,"Drama, Comedy, Family",8.1,2004-01-13,Ended
Naked and Afraid,English,"Adventure, Nature",6.5,2013-06-23,Running
Oz,English,"Drama, Crime",8.7,1997-07-12,Ended
CSI: NY,English,"Drama, Action, Crime",7.8,2004-09-22,Ended
The Real Housewives of New York City,English,,5.5,2008-03-04,Running
The Graham Norton Show,English,Comedy,8.1,2007-02-22,Running
My Boys,English,"Drama, Comedy",6.7,2006-11-28,Ended
Comedy Bang! Bang!,English,Comedy,,2012-06-08,Ended
Kill la Kill,Japanese,"Action, Adventure, Anime, Fantasy",6.9,2013-10-04,Ended
Freaks and Geeks,English,"Drama, Comedy",8.0,1999-09-25,Ended
Not Going Out,English,Comedy,7.8,2006-10-06,Running
Batman: The Animated Series,English,"Action, Adventure, Science-Fiction",8.5,1992-09-05,Ended
The Secret Life of the American Teenager,English,"Drama, Comedy, Family",6.6,2008-07-01,Ended
Good Luck Charlie,English,"Comedy, Family",7.7,2010-04-04,Ended
Miami Vice,English,"Drama, Action, Crime",7.4,1984-09-16,Ended
Edge of Alaska,English,,7.3,2014-10-24,Ended
The Big C,English,"Drama, Comedy",7.3,2010-08-16,Ended
The Honourable Woman,English,"Drama, Thriller, Espionage",7.9,2014-07-03,Ended
Bored to Death,English,"Drama, Comedy, Crime",7.7,2009-09-20,Ended
Teen Titans,English,"Action, Adventure, Science-Fiction",7.3,2003-07-19,Ended
Doctor Who,English,"Action, Adventure, Science-Fiction",8.4,1963-11-23,Ended
How It's Made,English,,7.7,2001-01-06,Ended
Planet Earth,English,Nature,8.8,2006-03-05,Ended
Better Off Ted,English,Comedy,8.2,2009-03-18,Ended
Private Practice,English,"Drama, Romance, Medical",7.7,2007-09-26,Ended
Royal Pains,English,"Drama, Comedy, Family",7.4,2009-06-04,Ended
Cold Case,English,"Drama, Crime",8.0,2003-09-28,Ended
Medium,English,"Drama, Crime, Supernatural",7.4,2005-01-03,Ended
The Cleveland Show,English,Comedy,7.0,2009-09-27,Ended
The Closer,English,"Drama, Crime, Mystery",7.9,2005-06-13,Ended
The O.C.,English,"Drama, Comedy, Romance",7.2,2003-08-05,Ended
Hannah Montana,English,"Comedy, Family, Music",6.2,2006-03-24,Ended
Army Wives,English,"Drama, Family, Romance",8.0,2007-06-03,Ended
Brothers & Sisters,English,Drama,7.6,2006-09-24,Ended
Flashpoint,English,"Action, Adventure, Crime",7.8,2008-07-11,Ended
Friday Night Lights,English,"Drama, Sports",8.2,2006-10-03,Ended
Gunsmoke,English,"Action, Adventure, Western",7.8,1955-09-10,Ended
Body of Proof,English,"Drama, Crime",7.7,2011-03-29,Ended
Law & Order: Criminal Intent,English,"Drama, Crime, Legal",7.8,2001-09-30,Ended
The Twilight Zone,English,"Science-Fiction, Mystery, Supernatural",8.9,1959-10-02,Ended
GREEK,English,"Drama, Comedy",7.8,2007-07-09,Ended
Merlin,English,"Adventure, Fantasy, Science-Fiction",7.9,2008-09-20,Ended
The Unit,English,"Drama, Action, Crime",8.4,2006-03-07,Ended
Misfits,English,"Drama, Comedy, Science-Fiction",7.8,2009-11-12,Ended
The Tonight Show with Jay Leno,English,Comedy,,1992-05-25,Ended
EastEnders,English,Drama,6.7,1985-02-19,Running
Power Rangers,English,"Action, Children, Science-Fiction",6.5,1993-08-28,Ended
Jericho,English,"Drama, Action, Science-Fiction",8.0,2006-09-20,Ended
Ugly Betty,English,"Drama, Comedy",7.6,2006-09-28,Ended
Rescue Me,English,"Drama, Comedy",8.0,2004-07-21,Ended
Deadliest Catch,English,"Action, Adventure, Nature",7.5,2005-04-12,Running
7th Heaven,English,"Drama, Family",7.0,1996-08-26,Ended
Kyle XY,English,"Drama, Science-Fiction, Mystery",7.9,2006-06-26,Ended
Jersey Shore,English,,5.4,2009-12-03,Ended
WWE Monday Night RAW,English,,7.4,1993-01-11,Running
WWE Friday Night SmackDown,English,"Drama, Comedy, Action",4.2,1999-04-29,Running
Strike Back,English,"Drama, Action, War",8.3,2010-05-05,Ended
Kitchen Nightmares,English,Food,7.6,2007-09-19,Running
The Bold and the Beautiful,English,"Drama, Family, Romance",5.5,1987-03-23,Running
Wizards of Waverly Place,English,"Comedy, Family, Fantasy",7.8,2007-10-12,Ended
iCarly,English,"Comedy, Children, Family",6.5,2007-09-08,Ended
Being Human,English,"Drama, Comedy, Science-Fiction",8.1,2009-01-25,Ended
In Plain Sight,English,"Drama, Action, Crime",7.9,2008-06-01,Ended
Suburgatory,English,Comedy,7.1,2011-09-28,Ended
Days of Our Lives,English,"Drama, Family, Romance",7.0,1965-11-08,Running
Without a Trace,English,"Drama, Crime, Thriller",7.6,2002-09-26,Ended
No Ordinary Family,English,"Drama, Action, Science-Fiction",7.8,2010-09-28,Ended
Reaper,English,"Drama, Comedy, Supernatural",7.7,2007-09-25,Ended
So You Think You Can Dance,English,Music,6.1,2005-07-20,Ended
Big Love,English,Drama,7.7,2006-03-12,Ended
"Beverly Hills, 90210",English,"Drama, Romance",6.5,1990-10-04,Ended
Wife Swap,English,,,2004-09-26,Ended
Hung,English,"Drama, Comedy",6.9,2009-06-28,Ended
MacGyver,English,"Action, Adventure",8.1,1985-09-29,Ended
Penn & Teller: Bullshit!,English,Comedy,8.0,2003-01-24,Ended
The L Word,English,"Drama, Romance",7.4,2004-01-15,Ended
Ice Road Truckers,English,"Drama, Action",6.9,2007-06-17,Running
Knight Rider,English,"Drama, Action, Crime",7.6,1982-09-26,Ended
Bewitched,English,"Comedy, Family, Fantasy",7.4,1964-09-17,Ended
The Cleaner,English,"Drama, Action",6.9,2008-07-15,Ended
Mistresses,English,"Drama, Romance",6.2,2008-01-08,Ended
Hotel Impossible,English,Travel,,2012-04-09,Ended
Homicide: Life on the Street,English,"Drama, Crime, Mystery",8.0,1993-01-31,Ended
Made in Chelsea,English,,5.0,2011-05-09,Running
The Rockford Files,English,"Drama, Action, Crime",7.9,1974-03-27,Ended
Hustle,English,"Drama, Crime, Thriller",8.0,2004-02-24,Ended
The Secret Circle,English,"Drama, Horror, Supernatural",7.5,2011-09-15,Ended
Boss,English,"Drama, Crime",7.9,2011-10-21,Ended
Late Night with Conan O'Brien,English,Comedy,8.0,1993-09-13,Ended
Full Throttle Saloon,English,,,2009-11-10,Ended
Dirty Jobs,English,,7.9,2003-11-07,To Be Determined
According to Jim,English,"Comedy, Family",6.0,2001-10-03,Ended
Treme,English,"Drama, Music",7.9,2010-04-11,Ended
"Quincy, M.E.",English,"Drama, Crime, Medical",7.9,1976-10-03,Ended
Geordie Shore,English,"Drama, Comedy",6.6,2011-05-24,Running
In Treatment,English,"Drama, Medical",7.1,2008-01-28,Ended
Heroes Unmasked,English,Science-Fiction,,2007-07-25,Ended
Dawson's Creek,English,"Drama, Romance",7.2,1998-01-20,Ended
The Real Housewives of Orange County,English,,4.4,2006-03-21,Running
The Hard Times of RJ Berger,English,Comedy,,2010-06-06,Ended
ALF,English,"Comedy, Family, Science-Fiction",7.4,1986-09-22,Ended
"I'm a Celebrity, Get Me Out of Here!",English,,6.1,2002-08-25,Running
Life on Mars,English,"Drama, Crime, Science-Fiction",8.0,2006-01-09,Ended
Time Team,English,History,7.0,1994-01-16,Ended
Luck,English,"Drama, Crime, Sports",7.5,2012-01-29,Ended
"Drugs, Inc.",English,,6.7,2010-07-11,Ended
Sinbad,English,"Action, Adventure, Fantasy",7.7,2012-07-08,Ended
Later... with Jools Holland,English,Music,8.0,1992-10-08,Running
Outcasts,English,"Drama, Science-Fiction",7.7,2011-02-07,Ended
Hardcore Pawn,English,,7.9,2010-08-16,Ended
Storage Wars,English,,6.0,2010-12-01,Running
Dirty Sexy Money,English,Drama,7.4,2007-09-26,Ended
Being Erica,English,"Drama, Comedy, Fantasy",8.0,2009-01-05,Ended
Dallas,English,"Drama, Family",6.9,1978-04-02,Ended
The Firm,English,"Drama, Crime, Legal",7.1,2012-01-08,Ended
Secret Diary of a Call Girl,English,"Drama, Adult",7.7,2007-09-27,Ended
The Finder,English,"Drama, Comedy, Crime",7.7,2012-01-12,Ended
Law & Order: LA,English,"Drama, Crime, Legal",7.1,2010-09-29,Ended
Regular Show,English,"Comedy, Adventure",7.6,2010-09-06,Ended
Deadly Women,English,Crime,7.2,2005-02-08,Ended
Battlestar Galactica: Blood & Chrome,English,"Drama, Action, Science-Fiction",8.0,2012-11-09,Ended
Bunheads,English,"Drama, Comedy",7.9,2012-06-11,Ended
How It's Made: Dream Cars,English,"Nature, History, Sports",6.5,2013-06-13,Ended
George Clarke's Amazing Spaces,English,DIY,7.1,2012-10-23,Running
Taboo,English,,,2002-09-30,Ended
Question Time,English,,5.0,1979-09-25,Running
Extreme Weight Loss,English,,,2011-05-30,Ended
Pit Bulls & Parolees,English,,7.9,2009-10-30,Ended
Rude Tube,English,Comedy,,2008-11-05,Ended
Tattoos After Dark,English,,,2014-01-01,Ended
CHiPs,English,"Drama, Action, Crime",7.1,1977-09-15,Ended
Agatha Christie's Marple,English,"Drama, Crime, Mystery",7.6,2004-12-12,Ended
Posh People: Inside Tatler,English,,,2014-11-24,Ended
8 Out of 10 Cats Does Countdown,English,Comedy,7.8,2012-01-02,Running
Rewrapped,English,,,2014-04-21,Ended
The Legend of Mick Dodge,English,,,2014-01-07,Ended
Project Runway: Threads,English,,,2014-10-23,Ended
Top Chef Duels,English,Food,,2014-08-06,Ended
Benidorm,English,Comedy,7.6,2007-02-01,Ended
Young Dracula,English,"Comedy, Children, Horror",8.2,2006-09-21,Ended
Hard Knocks,English,Sports,6.3,2001-08-01,Running
The Haunted,English,"Horror, Supernatural",,2009-11-22,Ended
Paw Patrol,English,"Comedy, Action, Adventure",6.2,2013-08-12,Running
Rake,English,"Drama, Comedy, Legal",7.2,2014-01-23,Ended
Sanjay and Craig,English,"Comedy, Children",7.2,2013-05-25,Ended
Reckless,English,Drama,8.0,2014-06-29,Ended
Storage Hunters,English,,6.3,2011-06-21,Ended
Great Continental Railway Journeys,English,Travel,8.0,2012-11-08,Running
Batman: The Brave and the Bold,English,"Action, Crime, Science-Fiction",7.6,2008-11-13,Ended
Pioneers of Television,English,,,2008-01-02,Ended
Don't Tell the Bride,English,,,2007-11-08,To Be Determined
Eggheads,English,,,2003-11-10,Ended
Antiques Roadshow,English,History,7.8,1979-02-18,Running
Hercules: The Legendary Journeys,English,"Action, Adventure, Fantasy",6.9,1994-05-05,Ended
Girlfriends,English,"Comedy, Romance",7.4,2000-09-11,Ended
The Practice,English,"Drama, Legal",7.5,1997-03-04,Ended
Queer As Folk,English,"Drama, Romance",7.8,2000-12-03,Ended
Perry Mason,English,"Drama, Crime, Legal",6.4,1957-09-21,Ended
Beavis and Butt-Head,English,"Comedy, Music",7.2,1992-09-22,Ended
Some Girls,English,Comedy,7.8,2012-11-06,Ended
The Boondocks,English,Comedy,7.7,2005-11-06,Ended
Man vs. Wild,English,"Action, Adventure",8.0,2006-10-27,Ended
The Bachelor,English,Romance,3.0,2002-03-25,Running
The Suite Life of Zack and Cody,English,"Comedy, Children, Family",7.5,2005-03-18,Ended
Ridiculousness,English,Comedy,6.2,2011-08-29,Running
Ringer,English,"Drama, Crime, Mystery",5.8,2011-09-13,Ended
Pushing Daisies,English,"Drama, Mystery, Supernatural",8.1,2007-10-03,Ended
Attack on Titan,Japanese,"Anime, Fantasy, Horror",8.9,2013-04-07,Ended
Waterloo Road,English,Drama,6.3,2006-03-09,Running
Cake Boss,English,"Food, Family",5.0,2009-05-25,Ended
The Ultimate Fighter,English,"Drama, Action, Sports",6.2,2005-01-17,Running
Primeval,English,"Drama, Adventure, Science-Fiction",8.0,2007-02-10,Ended
Naked and Afraid: Uncensored,English,"Adventure, Nature",4.8,2013-06-30,Running
Ghost Adventures,English,Supernatural,6.6,2008-10-17,Running
Strange Sex,English,,,2010-07-18,Ended
Metalocalypse,English,Comedy,7.5,2006-08-06,Ended
The X Factor,English,Music,4.1,2011-09-21,Ended
The Hills,English,,5.4,2006-05-31,Ended
American Chopper: Senior vs. Junior,English,,5.0,2010-08-12,Ended
Modern Marvels,English,"Mystery, Nature, History",8.0,1993-12-10,To Be Determined
American Chopper,English,,6.4,2002-09-29,Ended
Swamp People,English,"Adventure, Nature",6.9,2010-08-22,Running
Reno 911!,English,"Comedy, Action, Crime",7.1,2003-07-23,Ended
LA Ink,English,,,2007-08-07,Ended
Dark Blue,English,"Drama, Action, Crime",7.9,2009-07-15,Ended
Silent Witness,English,"Drama, Crime",7.6,1996-02-21,Running
Ax Men,English,Adventure,6.2,2008-03-09,Ended
The Dead Zone,English,"Drama, Fantasy, Thriller",8.1,2002-06-16,Ended
Eli Stone,English,"Drama, Fantasy, Legal",7.7,2008-01-31,Ended
Pan Am,English,"Drama, Thriller",7.2,2011-09-25,Ended
Saving Grace,English,"Drama, Crime, Fantasy",7.9,2007-07-23,Ended
Reba,English,"Drama, Comedy, Family",7.2,2001-10-05,Ended
Life on Mars,English,"Drama, Crime, Fantasy",7.7,2008-10-09,Ended
Waking the Dead,English,"Drama, Crime",7.9,2000-09-04,Ended
Friends with Benefits,English,"Comedy, Romance",6.2,2011-08-05,Ended
Crossing Jordan,English,"Drama, Crime, Mystery",7.3,2001-09-24,Ended
The Village,English,"Drama, History",7.8,2013-03-31,Ended
Family Ties,English,"Drama, Comedy, Family",7.2,1982-09-22,Ended
Ben 10,English,"Action, Adventure, Science-Fiction",6.9,2005-12-27,Ended
My Wife and Kids,English,"Comedy, Family",6.9,2001-03-28,Ended
The Inbetweeners,English,Comedy,7.6,2008-05-01,Ended
Chopped,English,Food,6.2,2009-01-13,Running
American Restoration,English,History,6.4,2010-10-25,Ended
Magnum P.I.,English,"Drama, Action, Mystery",7.7,1980-12-11,Ended
The Dresden Files,English,"Drama, Fantasy, Mystery",7.9,2007-01-21,Ended
Gangland,English,Crime,,2007-11-01,Ended
Operation Repo,English,Drama,,2008-11-17,Ended
Melrose Place,English,"Drama, Romance",7.1,1992-07-08,Ended
The Lying Game,English,"Drama, Thriller",7.6,2011-08-15,Ended
Hawaii Five-O,English,"Action, Adventure, Crime",7.1,1968-09-20,Ended
'til Death,English,"Comedy, Romance",7.4,2006-09-07,Ended
United States of Tara,English,"Drama, Comedy",7.5,2009-01-18,Ended
Hawthorne,English,Drama,,2009-06-16,Ended
House of Anubis,English,"Drama, Fantasy, Mystery",7.2,2011-01-01,Ended
Deception,English,"Drama, Crime, Mystery",7.8,2013-01-07,Ended
Rubicon,English,"Drama, Thriller, Espionage",7.9,2010-06-13,Ended
19 Kids and Counting,English,Family,,2008-09-29,Ended
The Sarah Jane Adventures,English,"Action, Adventure, Science-Fiction",7.5,2007-01-01,Ended
Chaos,English,"Drama, Comedy, Espionage",7.5,2011-04-01,Ended
Dirt,English,Drama,7.6,2007-01-02,Ended
"Little People, Big World",English,,4.8,2006-03-04,To Be Determined
Snapped,English,Crime,6.3,2004-08-06,Running
Batman,English,"Comedy, Action, Adventure",7.8,1966-01-12,Ended
Sabrina the Teenage Witch,English,"Comedy, Family, Fantasy",7.5,1996-09-27,Ended
Chase,English,"Drama, Action, Crime",7.8,2010-09-20,Ended
Chowder,English,"Comedy, Children",7.9,2007-11-02,Ended
Good Eats,English,Food,8.0,1999-07-07,Ended
Wipeout,English,Comedy,7.9,2008-06-24,Ended
Cleopatra 2525,English,"Action, Adventure, Science-Fiction",6.8,2000-01-17,Ended
Jack of All Trades,English,"Comedy, Action, Adventure",7.4,2000-01-22,Ended
Hollywood Heights,English,"Drama, Music, Romance",,2012-06-11,Ended
8 Simple Rules,English,"Comedy, Family",6.9,2002-09-17,Ended
The New Adventures of Old Christine,English,"Comedy, Family",7.4,2006-03-13,Ended
The Sarah Silverman Program,English,Comedy,6.4,2007-02-01,Ended
Hellcats,English,"Drama, Comedy",7.5,2010-09-08,Ended
Drake & Josh,English,"Comedy, Family",7.5,2004-01-11,Ended
Bang Goes the Theory,English,,,2009-07-27,Ended
Doc Martin,English,"Drama, Comedy, Medical",8.2,2004-09-02,Ended
The Real World,English,Drama,,1992-05-21,Ended
Dog the Bounty Hunter,English,,4.5,2004-08-31,Ended
Life Unexpected,English,"Drama, Family",7.2,2010-01-18,Ended
Flight of the Conchords,English,"Comedy, Music",7.9,2007-06-17,Ended
The Dog Whisperer,English,Family,4.8,2004-09-13,Ended
Men in Trees,English,"Drama, Comedy",7.8,2006-09-12,Ended
Catfish: The TV Show,English,,6.0,2012-11-12,Ended
Detroit 1-8-7,English,"Drama, Action, Crime",7.5,2010-09-21,Ended
Flash Gordon,English,Science-Fiction,6.5,2007-08-10,Ended
Squidbillies,English,Comedy,7.0,2005-10-16,Ended
Bag of Bones,English,"Drama, Horror, Mystery",7.2,2011-12-11,Ended
Camelot,English,"Drama, Fantasy",6.7,2011-02-25,Ended
Talking Bad,English,,,2013-08-11,Ended
Happy Town,English,"Drama, Crime, Mystery",7.1,2010-04-28,Ended
Tru Calling,English,"Drama, Fantasy",7.9,2003-10-30,Ended
Masters of Science Fiction,English,"Drama, Science-Fiction",7.1,2007-08-04,Ended
Do No Harm,English,"Drama, Horror, Medical",7.8,2013-01-31,Ended
Zero Hour,English,"Drama, Thriller, Supernatural",7.6,2013-02-14,Ended
Vanderpump Rules,English,,5.7,2013-01-07,Running
Undercovers,English,Drama,6.1,2010-09-22,Ended
The Playboy Club,English,Drama,7.7,2011-09-19,Ended
The Pillars of the Earth,English,"Drama, Romance, History",7.7,2010-07-23,Ended
Newport Harbor: The Real Orange County,English,,,2004-09-28,Ended
Fear Itself,English,"Drama, Horror",6.1,2008-06-05,Ended
Halo 4: Forward Unto Dawn,English,"Action, Science-Fiction",7.5,2012-10-05,Ended
Legend of Earthsea,English,"Drama, Adventure, Fantasy",5.9,2004-12-13,Ended
The Inside,English,"Drama, Crime",7.1,2005-06-08,Ended
Criminal Minds: Suspect Behavior,English,"Drama, Crime, Mystery",6.7,2011-02-16,Ended
Cult,English,"Drama, Thriller, Mystery",5.5,2013-02-19,Ended
Dr. Horrible's Sing-Along Blog,English,"Comedy, Music, Science-Fiction",8.0,2008-07-15,Ended
The Glee Project,English,"Drama, Family, Music",,2011-06-12,Ended
Alice,English,"Adventure, Fantasy",7.2,2009-12-06,Ended
Lights Out,English,"Drama, Crime, Sports",7.2,2011-01-11,Ended
The City,English,,,2008-12-29,Ended
Angel o Demonio,Spanish,"Drama, Fantasy, Mystery",,2011-02-01,Ended
Audrina,English,,,2011-04-17,Ended
Punta Escarlata,Spanish,,,2011-07-25,Ended
Acusados,Spanish,Drama,,2009-01-28,Ended
El Internado,Spanish,"Drama, Thriller, Mystery",8.0,2007-05-24,Ended
Motivos Personales,Spanish,,,2005-02-01,Ended
Hay alguien ahí,Spanish,"Thriller, Supernatural",,2009-03-16,Ended
Sorority Sisters,English,,,2014-12-15,Ended
Life,English,"Drama, Crime",8.0,2007-09-26,Ended
Robin Hood,English,"Drama, Action, Adventure",6.9,2006-10-07,Ended
Sons of Guns,English,,,2011-01-26,Ended
Zoey 101,English,"Drama, Comedy, Family",5.3,2005-01-09,Ended
V,English,"Drama, Action, Science-Fiction",7.8,1983-05-01,Ended
The Young Indiana Jones Chronicles,English,"Action, Adventure, Fantasy",7.3,1992-03-04,Ended
World Without End,English,"Drama, Romance, History",7.7,2012-09-04,Ended
Wonderfalls,English,"Drama, Comedy, Fantasy",7.9,2004-10-04,Ended
The White Queen,English,"Drama, History",7.9,2013-06-16,Ended
Whitechapel,English,"Drama, Crime, Mystery",7.9,2009-02-02,Ended
Viper,English,Action,,1994-01-02,Ended
Verano Azul,Spanish,"Drama, Comedy, Family",,1981-10-11,Ended
Upstairs Downstairs,English,Drama,7.6,2010-12-26,Ended
Ultimate Survival Alaska,English,,,2013-05-12,Ended
Trophy Wife,English,Comedy,6.9,2013-09-24,Ended
Top of the Lake,English,"Drama, Crime, Mystery",7.7,2013-03-18,Ended
The 10th Kingdom,English,"Drama, Adventure, Fantasy",8.0,2000-02-27,Ended
21 Jump Street,English,"Drama, Action, Adventure",6.9,1987-04-12,Ended
3rd Rock from the Sun,English,"Comedy, Family, Science-Fiction",7.8,1996-01-09,Ended
Absolutely Fabulous,English,Comedy,7.7,1992-11-12,Ended
The Adventures of Tintin,English,"Adventure, Children, Mystery",6.9,1992-10-18,Ended
'Allo 'Allo!,English,"Comedy, War",8.0,1982-12-30,Ended
The Assets,English,Thriller,7.9,2014-01-02,Ended
The A-Team,English,"Action, Adventure",7.3,1983-01-23,Ended
Battlestar Galactica,English,"Action, Adventure, Science-Fiction",7.9,1978-09-17,Ended
Titanic,English,Drama,7.0,2012-03-25,Ended
Terriers,English,"Drama, Comedy, Crime",8.0,2010-09-08,Ended
Survivors,English,"Drama, Science-Fiction",7.2,2008-11-23,Ended
Studio 60 on the Sunset Strip,English,"Drama, Comedy",8.0,2006-09-18,Ended
The State Within,English,"Drama, Thriller",,2006-11-02,Ended
Spaced,English,Comedy,7.9,1999-09-24,Ended
South Riding,English,"Drama, Romance",,2011-02-20,Ended
South of Nowhere,English,Drama,,2005-11-04,Ended
Six Degrees,English,"Drama, Mystery",,2006-09-21,Ended
Samantha Who?,English,"Comedy, Romance",7.4,2007-10-15,Ended
Baywatch,English,"Drama, Action, Adventure",6.3,1989-09-22,Ended
Birdsong,English,"Drama, Romance, War",7.8,2012-01-22,Ended
Blackadder,English,"Comedy, History",8.4,1983-06-15,Ended
Bomb Girls,English,"Drama, Romance, War",7.7,2012-01-04,Ended
Bonekickers,English,"Drama, Adventure",6.5,2008-07-08,Ended
Brideshead Revisited,English,Drama,8.0,1981-10-12,Ended
Frank Herbert's Children of Dune,English,"Drama, Science-Fiction",7.7,2003-03-16,Ended
The Riches,English,"Drama, Comedy",7.9,2007-03-12,Ended
Profiler,English,"Drama, Crime, Thriller",7.7,1996-09-21,Ended
Primeval: New World,English,"Drama, Adventure, Fantasy",7.2,2012-10-29,Ended
Political Animals,English,Drama,7.7,2012-07-15,Ended
ReactToThat,English,,,2014-12-15,Ended
Commander in Chief,English,Drama,7.7,2005-09-27,Ended
Coupling,English,"Comedy, Romance",8.0,2000-05-12,Ended
Coupling,English,"Drama, Comedy, Romance",6.0,2003-09-25,Ended
Cranford,English,Drama,7.9,2007-11-18,Ended
The Crimson Petal and the White,English,"Drama, Thriller",6.7,2011-04-06,Ended
Crusade,English,"Drama, Action, Science-Fiction",7.8,1999-06-09,Ended
Cupid,English,"Drama, Comedy, Romance",8.0,1998-09-26,Ended
Cupid,English,"Drama, Romance",7.1,2009-03-31,Ended
Death Comes to Pemberley,English,"Drama, Romance, Mystery",7.5,2013-12-26,Ended
The Devil's Whore,English,"Drama, War, History",7.8,2008-11-19,Ended
Dinotopia,English,"Adventure, Family, Fantasy",6.2,2002-11-28,Ended
"Doogie Howser, M.D.",English,"Comedy, Medical",7.0,1989-09-19,Ended
Drive,English,"Drama, Action, Adventure",7.7,2007-04-13,Ended
"Dr. Quinn, Medicine Woman",English,"Drama, Family, Western",7.0,1993-01-01,Ended
Early Edition,English,"Drama, Fantasy, Science-Fiction",7.7,1996-09-28,Ended
Enlisted,English,Comedy,7.8,2014-01-10,Ended
The Fades,English,"Drama, Thriller, Supernatural",7.3,2011-09-21,Ended
Frank Herbert's Dune,English,"Drama, Science-Fiction",7.8,2000-12-03,Ended
Hatfields & McCoys,English,"Drama, Romance, Western",7.9,2012-05-28,Ended
The Hour,English,"Drama, Thriller, Espionage",7.4,2011-07-19,Ended
"I, Claudius",English,"Drama, History",8.0,1976-09-20,Ended
In a Land of Plenty,English,Drama,,2001-01-10,Ended
Jack & Jill,English,"Drama, Comedy",,1999-09-26,Ended
Jekyll,English,"Drama, Horror, Science-Fiction",7.0,2007-06-16,Ended
Judging Amy,English,"Drama, Family, Legal",7.2,1999-09-19,Ended
Kings,English,"Drama, Science-Fiction",8.0,2009-03-15,Ended
Klondike,English,"Drama, Adventure, History",7.1,2014-01-20,Ended
Um Mundo Catita,Portuguese,,,2008-11-05,Ended
K-Ville,English,Drama,7.3,2007-09-17,Ended
Lip Service,English,"Drama, Romance",7.6,2010-10-12,Ended
Mad About You,English,"Comedy, Romance",7.4,1992-09-23,Ended
The Middleman,English,"Drama, Comedy, Science-Fiction",7.8,2008-06-16,Ended
Mildred Pierce,English,Drama,7.8,2011-03-27,Ended
My Family,English,"Comedy, Family",7.5,2000-09-19,Ended
The Nanny,English,"Comedy, Family",7.3,1993-11-03,Ended
Cowboy Bebop,Japanese,"Action, Adventure, Anime, Science-Fiction",8.5,1998-10-24,Ended
Amazing Stories,English,"Fantasy, Science-Fiction",7.5,1985-09-29,Ended
American Gothic,English,"Drama, Horror",7.6,1995-09-22,Ended
Becoming Human,English,"Drama, Fantasy, Horror",7.6,2011-01-30,Ended
Brimstone,English,"Action, Fantasy, Horror",7.4,1998-10-23,Ended
Clone,English,Comedy,,2008-11-17,Ended
Cosmos,English,"Mystery, Nature, History",8.5,1980-09-28,Ended
Dungeons & Dragons,English,"Adventure, Fantasy",6.4,1983-09-17,Ended
Journeyman,English,"Drama, Science-Fiction, Mystery",7.5,2007-09-24,Ended
Neverland,English,"Adventure, Fantasy",6.6,2011-12-04,Ended
Neverwhere,English,"Drama, Fantasy",5.9,1996-09-12,Ended
Planet of the Apes,English,"Drama, Adventure, Science-Fiction",6.9,1974-09-13,Ended
ThunderCats,English,"Action, Adventure",7.7,2011-07-29,Ended
The Time Tunnel,English,"Adventure, Science-Fiction",7.8,1966-09-09,Ended
Tron: Uprising,English,"Action, Adventure, Science-Fiction",7.8,2012-05-18,Ended
Party Down,English,Comedy,7.2,2009-03-20,Ended
The Inbetweeners,English,Comedy,4.0,2012-08-20,Ended
Impractical Jokers,English,Comedy,7.6,2011-12-15,Running
Gates,English,Comedy,,2012-08-14,Ended
Eastbound & Down,English,"Drama, Comedy, Sports",7.3,2009-02-15,Ended
Celebrity Motor Homes,English,,,2011-12-22,Ended
Extra,English,,,1994-09-05,Running
Mecum Dealmakers,English,,,2014-07-31,Ended
Beat Bobby Flay,English,Food,5.6,2013-08-25,Running
A Stranger in My Home,English,"Crime, Mystery",,2013-10-13,Ended
Kröd Mändoon and the Flaming Sword of Fire,English,"Comedy, Action, Fantasy",6.6,2009-04-09,Ended
Life As We Know It,English,"Drama, Comedy",6.3,2004-10-07,Ended
Seven Ages of Rock,English,Music,,2007-05-19,Ended
Life As We Know It,English,Comedy,,2001-07-22,Ended
The Young Ones,English,Comedy,7.9,1982-11-09,Ended
The Net,English,Thriller,6.5,1998-07-19,Ended
New Amsterdam,English,"Drama, Crime, Fantasy",7.8,2008-03-04,Ended
The Nine,English,"Drama, Mystery",7.5,2006-10-04,Ended
No Heroics,English,"Comedy, Fantasy",,2008-09-18,Ended
North & South,English,"Drama, Romance",8.0,2004-11-14,Ended
North and South,English,"Drama, History",8.2,1985-11-03,Ended
October Road,English,Drama,7.2,2007-03-15,Ended
Once and Again,English,"Drama, Family, Romance",7.8,1999-09-21,Ended
Out of Practice,English,Comedy,7.5,2005-09-19,Ended
Parade's End,English,"Drama, War, History",7.8,2012-08-24,Ended
The Paradise,English,"Drama, Romance, History",7.8,2012-09-25,Ended
Parker Lewis Can't Lose,English,Comedy,8.0,1990-09-02,Ended
Party of Five,English,"Drama, Family",7.0,1994-09-12,Ended
Picket Fences,English,"Drama, Family",5.3,1992-09-18,Ended
Agatha Christie's Poirot,English,"Drama, Crime, Mystery",8.2,1989-01-08,Ended
Maison Close,French,Drama,,2010-10-04,Ended
Les Revenants,French,"Drama, Fantasy, Horror",7.6,2012-11-26,Ended
Les Rois Maudits,French,"Drama, History",,2005-11-07,Ended
Mysteries at the Castle,English,"Mystery, History",,2014-01-19,Ended
Branson Famous,English,Music,,2014-12-29,Ended
Big Women: Big Love,English,Romance,,2015-01-01,Ended
Child Genius,English,,,2015-01-06,Ended
Open Heart,English,"Drama, Mystery, Medical",,2015-01-20,Ended
Nightwatch,English,Medical,7.7,2015-01-22,To Be Determined
The Slap,English,Drama,7.1,2015-02-12,Ended
Good Witch,English,"Family, Romance, Mystery",8.0,2008-01-18,Ended
American Odyssey,English,"Action, Adventure, Thriller",6.8,2015-04-05,Ended
Wayward Pines,English,"Drama, Science-Fiction, Mystery",7.5,2015-05-14,Ended
Museum Men,English,,,2014-11-29,Ended
Sex Sent Me to the ER,English,,,2013-12-28,Ended
I'd Kill for You,English,"Drama, Crime, Mystery",,2013-11-02,Ended
Railroad Alaska,English,"Action, Adventure",,2013-11-16,Ended
America Unearthed,English,History,7.7,2012-12-21,Ended
Fatal Vows,English,"Drama, Crime, Thriller",6.2,2012-11-17,Ended
Extreme Escapes,English,,,2014-11-29,Ended
Caught on Camera with Nick Cannon,English,,,2014-12-19,Ended
Say Yes to the Dress: Since the Big Day,English,,,2011-10-14,Ended
Wives with Knives,English,,,2012-11-23,Running
"Something Borrowed, Something New",English,,,2013-02-08,Ended
Brad Meltzer's Lost History,English,History,,2014-10-31,Ended
Who the (Bleep) Did I Marry?,English,Crime,6.3,2010-08-04,To Be Determined
Finding Bigfoot,English,,,2011-05-30,Ended
Alaska: The Last Frontier,English,Adventure,7.9,2011-12-29,Ended
Most Evil,English,,6.8,2006-07-13,Ended
A Haunting,English,"Drama, Horror, Mystery",7.9,2005-10-28,Ended
Cutthroat Kitchen,English,Food,6.8,2013-08-11,Ended
Alaska Off-Road Warriors,English,"Adventure, Sports",,2014-11-30,Ended
Bizarre Foods with Andrew Zimmern,English,"Food, Travel",7.0,2007-02-26,Ended
Street Outlaws: Full Throttle,English,,,2013-06-21,Ended
The Little Couple,English,,7.3,2009-05-26,Ended
A Crime to Remember,English,"Drama, Crime, Mystery",6.9,2013-11-12,Ended
Suave Says,English,,,2014-12-03,Ended
Little Women: LA,English,Drama,4.2,2014-05-27,Ended
The Millionaire Matchmaker,English,,,2008-01-22,Ended
Alaskan Bush People,English,"Adventure, Nature",6.6,2014-05-06,Ended
The Curse of Oak Island,English,"Adventure, Mystery, Nature",6.8,2014-01-05,Running
How to Make It in America,English,"Drama, Comedy",7.6,2010-02-14,Ended
Mixology,English,"Comedy, Romance",7.3,2014-02-26,Ended
Almost Royal,English,Comedy,6.7,2014-06-21,Ended
Cleaners,English,"Action, Crime, Thriller",6.5,2013-10-03,Ended
Come Fly with Me,English,"Comedy, Travel",7.9,2010-12-25,Ended
Hollands Hoop,Dutch,"Drama, Crime",,2014-09-27,Ended
Bosch,English,"Drama, Crime, Mystery",8.5,2015-02-13,Ended
The Defenders,English,"Drama, Comedy, Legal",6.6,2010-09-22,Ended
Family Tree,English,"Drama, Comedy",6.1,2013-05-12,Ended
Wallander,English,"Drama, Crime",7.9,2008-11-30,Ended
Super Fun Night,English,Comedy,6.9,2013-10-02,Ended
Sleeper Cell,English,"Drama, Crime, Espionage",7.9,2005-12-04,Ended
"Unsere Mütter, unsere Väter",German,"Drama, Action, War",8.0,2013-03-17,Ended
Red Widow,English,"Drama, Crime, Thriller",6.6,2013-03-03,Ended
Profugos,Spanish,"Drama, Action, Crime",,2011-09-04,Ended
Prime Suspect,English,"Drama, Crime, Thriller",6.7,2011-09-22,Ended
Penoza,Dutch,"Drama, Crime",8.0,2010-09-12,Ended
Paradox,English,"Drama, Science-Fiction",6.8,2009-11-24,Ended
Outsourced,English,Comedy,7.9,2010-09-23,Ended
North America,English,Nature,,2013-05-19,Ended
Nieuwe Buren,Dutch,Drama,,2014-09-14,Ended
The Mob Doctor,English,"Drama, Medical",6.6,2012-09-17,Ended
Low Winter Sun,English,"Drama, Crime",7.3,2013-08-11,Ended
King & Maxwell,English,"Drama, Action, Crime",7.7,2013-06-10,Ended
The Kill Point,English,"Drama, Action, Crime",6.6,2007-07-22,Ended
The Kennedys,English,"Drama, History",7.7,2011-04-03,Ended
Gang Related,English,"Drama, Action, Crime",6.9,2014-05-22,Ended
Generation Kill,English,"Drama, War",7.9,2008-07-13,Ended
Golden Boy,English,"Drama, Crime",7.1,2013-02-26,Ended
Hit & Miss,English,"Drama, Action, Crime",7.8,2012-05-22,Ended
Houdini,English,Drama,8.0,2014-09-01,Ended
How to Live with Your Parents (for the Rest of Your Life),English,Comedy,6.3,2013-04-03,Ended
Ironside,English,"Drama, Action, Crime",7.7,2013-10-02,Ended
The Jeff Dunham Show,English,Comedy,6.6,2009-10-22,Ended
Gooische Vrouwen,Dutch,"Drama, Romance",,2005-10-30,Ended
Blossom,English,"Drama, Comedy, Family",7.4,1990-07-05,Ended
The Brady Bunch,English,"Comedy, Family",7.3,1969-09-26,Ended
